userId,name,email
1,User_1,user1@college.edu
2,User_2,user2@college.edu
3,User_3,user3@college.edu
4,User_4,user4@college.edu
5,User_5,user5@college.edu
6,User_6,user6@college.edu
7,User_7,user7@college.edu
8,User_8,user8@college.edu
9,User_9,user9@college.edu
10,User_10,user10@college.edu
11,User_11,user11@college.edu
12,User_12,user12@college.edu
13,User_13,user13@college.edu
14,User_14,user14@college.edu
15,User_15,user15@college.edu
16,User_16,user16@college.edu
17,User_17,user17@college.edu
18,User_18,user18@college.edu
19,User_19,user19@college.edu
20,User_20,user20@college.edu
21,User_21,user21@college.edu
22,User_22,user22@college.edu
23,User_23,user23@college.edu
24,User_24,user24@college.edu
25,User_25,user25@college.edu
26,User_26,user26@college.edu
27,User_27,user27@college.edu
28,User_28,user28@college.edu
29,User_29,user29@college.edu
30,User_30,user30@college.edu
31,User_31,user31@college.edu
32,User_32,user32@college.edu
33,User_33,user33@college.edu
34,User_34,user34@college.edu
35,User_35,user35@college.edu
36,User_36,user36@college.edu
37,User_37,user37@college.edu
38,User_38,user38@college.edu
39,User_39,user39@college.edu
40,User_40,user40@college.edu
41,User_41,user41@college.edu
42,User_42,user42@college.edu
43,User_43,user43@college.edu
44,User_44,user44@college.edu
45,User_45,user45@college.edu
46,User_46,user46@college.edu
47,User_47,user47@college.edu
48,User_48,user48@college.edu
49,User_49,user49@college.edu
50,User_50,user50@college.edu
51,User_51,user51@college.edu
52,User_52,user52@college.edu
53,User_53,user53@college.edu
54,User_54,user54@college.edu
55,User_55,user55@college.edu
56,User_56,user56@college.edu
57,User_57,user57@college.edu
58,User_58,user58@college.edu
59,User_59,user59@college.edu
60,User_60,user60@college.edu
61,User_61,user61@college.edu
62,User_62,user62@college.edu
63,User_63,user63@college.edu
64,User_64,user64@college.edu
65,User_65,user65@college.edu
66,User_66,user66@college.edu
67,User_67,user67@college.edu
68,User_68,user68@college.edu
69,User_69,user69@college.edu
70,User_70,user70@college.edu
71,User_71,user71@college.edu
72,User_72,user72@college.edu
73,User_73,user73@college.edu
74,User_74,user74@college.edu
75,User_75,user75@college.edu
76,User_76,user76@college.edu
77,User_77,user77@college.edu
78,User_78,user78@college.edu
79,User_79,user79@college.edu
80,User_80,user80@college.edu
81,User_81,user81@college.edu
82,User_82,user82@college.edu
83,User_83,user83@college.edu
84,User_84,user84@college.edu
85,User_85,user85@college.edu
86,User_86,user86@college.edu
87,User_87,user87@college.edu
88,User_88,user88@college.edu
89,User_89,user89@college.edu
90,User_90,user90@college.edu
91,User_91,user91@college.edu
92,User_92,user92@college.edu
93,User_93,user93@college.edu
94,User_94,user94@college.edu
95,User_95,user95@college.edu
96,User_96,user96@college.edu
97,User_97,user97@college.edu
98,User_98,user98@college.edu
99,User_99,user99@college.edu
100,User_100,user100@college.edu
101,User_101,user101@college.edu
102,User_102,user102@college.edu
103,User_103,user103@college.edu
104,User_104,user104@college.edu
105,User_105,user105@college.edu
106,User_106,user106@college.edu
107,User_107,user107@college.edu
108,User_108,user108@college.edu
109,User_109,user109@college.edu
110,User_110,user110@college.edu
111,User_111,user111@college.edu
112,User_112,user112@college.edu
113,User_113,user113@college.edu
114,User_114,user114@college.edu
115,User_115,user115@college.edu
116,User_116,user116@college.edu
117,User_117,user117@college.edu
118,User_118,user118@college.edu
119,User_119,user119@college.edu
120,User_120,user120@college.edu
121,User_121,user121@college.edu
122,User_122,user122@college.edu
123,User_123,user123@college.edu
124,User_124,user124@college.edu
125,User_125,user125@college.edu
126,User_126,user126@college.edu
127,User_127,user127@college.edu
128,User_128,user128@college.edu
129,User_129,user129@college.edu
130,User_130,user130@college.edu
131,User_131,user131@college.edu
132,User_132,user132@college.edu
133,User_133,user133@college.edu
134,User_134,user134@college.edu
135,User_135,user135@college.edu
136,User_136,user136@college.edu
137,User_137,user137@college.edu
138,User_138,user138@college.edu
139,User_139,user139@college.edu
140,User_140,user140@college.edu
141,User_141,user141@college.edu
142,User_142,user142@college.edu
143,User_143,user143@college.edu
144,User_144,user144@college.edu
145,User_145,user145@college.edu
146,User_146,user146@college.edu
147,User_147,user147@college.edu
148,User_148,user148@college.edu
149,User_149,user149@college.edu
150,User_150,user150@college.edu
151,User_151,user151@college.edu
152,User_152,user152@college.edu
153,User_153,user153@college.edu
154,User_154,user154@college.edu
155,User_155,user155@college.edu
156,User_156,user156@college.edu
157,User_157,user157@college.edu
158,User_158,user158@college.edu
159,User_159,user159@college.edu
160,User_160,user160@college.edu
161,User_161,user161@college.edu
162,User_162,user162@college.edu
163,User_163,user163@college.edu
164,User_164,user164@college.edu
165,User_165,user165@college.edu
166,User_166,user166@college.edu
167,User_167,user167@college.edu
168,User_168,user168@college.edu
169,User_169,user169@college.edu
170,User_170,user170@college.edu
171,User_171,user171@college.edu
172,User_172,user172@college.edu
173,User_173,user173@college.edu
174,User_174,user174@college.edu
175,User_175,user175@college.edu
176,User_176,user176@college.edu
177,User_177,user177@college.edu
178,User_178,user178@college.edu
179,User_179,user179@college.edu
180,User_180,user180@college.edu
181,User_181,user181@college.edu
182,User_182,user182@college.edu
183,User_183,user183@college.edu
184,User_184,user184@college.edu
185,User_185,user185@college.edu
186,User_186,user186@college.edu
187,User_187,user187@college.edu
188,User_188,user188@college.edu
189,User_189,user189@college.edu
190,User_190,user190@college.edu
191,User_191,user191@college.edu
192,User_192,user192@college.edu
193,User_193,user193@college.edu
194,User_194,user194@college.edu
195,User_195,user195@college.edu
196,User_196,user196@college.edu
197,User_197,user197@college.edu
198,User_198,user198@college.edu
199,User_199,user199@college.edu
200,User_200,user200@college.edu
201,User_201,user201@college.edu
202,User_202,user202@college.edu
203,User_203,user203@college.edu
204,User_204,user204@college.edu
205,User_205,user205@college.edu
206,User_206,user206@college.edu
207,User_207,user207@college.edu
208,User_208,user208@college.edu
209,User_209,user209@college.edu
210,User_210,user210@college.edu
211,User_211,user211@college.edu
212,User_212,user212@college.edu
213,User_213,user213@college.edu
214,User_214,user214@college.edu
215,User_215,user215@college.edu
216,User_216,user216@college.edu
217,User_217,user217@college.edu
218,User_218,user218@college.edu
219,User_219,user219@college.edu
220,User_220,user220@college.edu
221,User_221,user221@college.edu
222,User_222,user222@college.edu
223,User_223,user223@college.edu
224,User_224,user224@college.edu
225,User_225,user225@college.edu
226,User_226,user226@college.edu
227,User_227,user227@college.edu
228,User_228,user228@college.edu
229,User_229,user229@college.edu
230,User_230,user230@college.edu
231,User_231,user231@college.edu
232,User_232,user232@college.edu
233,User_233,user233@college.edu
234,User_234,user234@college.edu
235,User_235,user235@college.edu
236,User_236,user236@college.edu
237,User_237,user237@college.edu
238,User_238,user238@college.edu
239,User_239,user239@college.edu
240,User_240,user240@college.edu
241,User_241,user241@college.edu
242,User_242,user242@college.edu
243,User_243,user243@college.edu
244,User_244,user244@college.edu
245,User_245,user245@college.edu
246,User_246,user246@college.edu
247,User_247,user247@college.edu
248,User_248,user248@college.edu
249,User_249,user249@college.edu
250,User_250,user250@college.edu
251,User_251,user251@college.edu
252,User_252,user252@college.edu
253,User_253,user253@college.edu
254,User_254,user254@college.edu
255,User_255,user255@college.edu
256,User_256,user256@college.edu
257,User_257,user257@college.edu
258,User_258,user258@college.edu
259,User_259,user259@college.edu
260,User_260,user260@college.edu
261,User_261,user261@college.edu
262,User_262,user262@college.edu
263,User_263,user263@college.edu
264,User_264,user264@college.edu
265,User_265,user265@college.edu
266,User_266,user266@college.edu
267,User_267,user267@college.edu
268,User_268,user268@college.edu
269,User_269,user269@college.edu
270,User_270,user270@college.edu
271,User_271,user271@college.edu
272,User_272,user272@college.edu
273,User_273,user273@college.edu
274,User_274,user274@college.edu
275,User_275,user275@college.edu
276,User_276,user276@college.edu
277,User_277,user277@college.edu
278,User_278,user278@college.edu
279,User_279,user279@college.edu
280,User_280,user280@college.edu
281,User_281,user281@college.edu
282,User_282,user282@college.edu
283,User_283,user283@college.edu
284,User_284,user284@college.edu
285,User_285,user285@college.edu
286,User_286,user286@college.edu
287,User_287,user287@college.edu
288,User_288,user288@college.edu
289,User_289,user289@college.edu
290,User_290,user290@college.edu
291,User_291,user291@college.edu
292,User_292,user292@college.edu
293,User_293,user293@college.edu
294,User_294,user294@college.edu
295,User_295,user295@college.edu
296,User_296,user296@college.edu
297,User_297,user297@college.edu
298,User_298,user298@college.edu
299,User_299,user299@college.edu
300,User_300,user300@college.edu
301,User_301,user301@college.edu
302,User_302,user302@college.edu
303,User_303,user303@college.edu
304,User_304,user304@college.edu
305,User_305,user305@college.edu
306,User_306,user306@college.edu
307,User_307,user307@college.edu
308,User_308,user308@college.edu
309,User_309,user309@college.edu
310,User_310,user310@college.edu
311,User_311,user311@college.edu
312,User_312,user312@college.edu
313,User_313,user313@college.edu
314,User_314,user314@college.edu
315,User_315,user315@college.edu
316,User_316,user316@college.edu
317,User_317,user317@college.edu
318,User_318,user318@college.edu
319,User_319,user319@college.edu
320,User_320,user320@college.edu
321,User_321,user321@college.edu
322,User_322,user322@college.edu
323,User_323,user323@college.edu
324,User_324,user324@college.edu
325,User_325,user325@college.edu
326,User_326,user326@college.edu
327,User_327,user327@college.edu
328,User_328,user328@college.edu
329,User_329,user329@college.edu
330,User_330,user330@college.edu
331,User_331,user331@college.edu
332,User_332,user332@college.edu
333,User_333,user333@college.edu
334,User_334,user334@college.edu
335,User_335,user335@college.edu
336,User_336,user336@college.edu
337,User_337,user337@college.edu
338,User_338,user338@college.edu
339,User_339,user339@college.edu
340,User_340,user340@college.edu
341,User_341,user341@college.edu
342,User_342,user342@college.edu
343,User_343,user343@college.edu
344,User_344,user344@college.edu
345,User_345,user345@college.edu
346,User_346,user346@college.edu
347,User_347,user347@college.edu
348,User_348,user348@college.edu
349,User_349,user349@college.edu
350,User_350,user350@college.edu
351,User_351,user351@college.edu
352,User_352,user352@college.edu
353,User_353,user353@college.edu
354,User_354,user354@college.edu
355,User_355,user355@college.edu
356,User_356,user356@college.edu
357,User_357,user357@college.edu
358,User_358,user358@college.edu
359,User_359,user359@college.edu
360,User_360,user360@college.edu
361,User_361,user361@college.edu
362,User_362,user362@college.edu
363,User_363,user363@college.edu
364,User_364,user364@college.edu
365,User_365,user365@college.edu
366,User_366,user366@college.edu
367,User_367,user367@college.edu
368,User_368,user368@college.edu
369,User_369,user369@college.edu
370,User_370,user370@college.edu
371,User_371,user371@college.edu
372,User_372,user372@college.edu
373,User_373,user373@college.edu
374,User_374,user374@college.edu
375,User_375,user375@college.edu
376,User_376,user376@college.edu
377,User_377,user377@college.edu
378,User_378,user378@college.edu
379,User_379,user379@college.edu
380,User_380,user380@college.edu
381,User_381,user381@college.edu
382,User_382,user382@college.edu
383,User_383,user383@college.edu
384,User_384,user384@college.edu
385,User_385,user385@college.edu
386,User_386,user386@college.edu
387,User_387,user387@college.edu
388,User_388,user388@college.edu
389,User_389,user389@college.edu
390,User_390,user390@college.edu
391,User_391,user391@college.edu
392,User_392,user392@college.edu
393,User_393,user393@college.edu
394,User_394,user394@college.edu
395,User_395,user395@college.edu
396,User_396,user396@college.edu
397,User_397,user397@college.edu
398,User_398,user398@college.edu
399,User_399,user399@college.edu
400,User_400,user400@college.edu
401,User_401,user401@college.edu
402,User_402,user402@college.edu
403,User_403,user403@college.edu
404,User_404,user404@college.edu
405,User_405,user405@college.edu
406,User_406,user406@college.edu
407,User_407,user407@college.edu
408,User_408,user408@college.edu
409,User_409,user409@college.edu
410,User_410,user410@college.edu
411,User_411,user411@college.edu
412,User_412,user412@college.edu
413,User_413,user413@college.edu
414,User_414,user414@college.edu
415,User_415,user415@college.edu
416,User_416,user416@college.edu
417,User_417,user417@college.edu
418,User_418,user418@college.edu
419,User_419,user419@college.edu
420,User_420,user420@college.edu
421,User_421,user421@college.edu
422,User_422,user422@college.edu
423,User_423,user423@college.edu
424,User_424,user424@college.edu
425,User_425,user425@college.edu
426,User_426,user426@college.edu
427,User_427,user427@college.edu
428,User_428,user428@college.edu
429,User_429,user429@college.edu
430,User_430,user430@college.edu
431,User_431,user431@college.edu
432,User_432,user432@college.edu
433,User_433,user433@college.edu
434,User_434,user434@college.edu
435,User_435,user435@college.edu
436,User_436,user436@college.edu
437,User_437,user437@college.edu
438,User_438,user438@college.edu
439,User_439,user439@college.edu
440,User_440,user440@college.edu
441,User_441,user441@college.edu
442,User_442,user442@college.edu
443,User_443,user443@college.edu
444,User_444,user444@college.edu
445,User_445,user445@college.edu
446,User_446,user446@college.edu
447,User_447,user447@college.edu
448,User_448,user448@college.edu
449,User_449,user449@college.edu
450,User_450,user450@college.edu
451,User_451,user451@college.edu
452,User_452,user452@college.edu
453,User_453,user453@college.edu
454,User_454,user454@college.edu
455,User_455,user455@college.edu
456,User_456,user456@college.edu
457,User_457,user457@college.edu
458,User_458,user458@college.edu
459,User_459,user459@college.edu
460,User_460,user460@college.edu
461,User_461,user461@college.edu
462,User_462,user462@college.edu
463,User_463,user463@college.edu
464,User_464,user464@college.edu
465,User_465,user465@college.edu
466,User_466,user466@college.edu
467,User_467,user467@college.edu
468,User_468,user468@college.edu
469,User_469,user469@college.edu
470,User_470,user470@college.edu
471,User_471,user471@college.edu
472,User_472,user472@college.edu
473,User_473,user473@college.edu
474,User_474,user474@college.edu
475,User_475,user475@college.edu
476,User_476,user476@college.edu
477,User_477,user477@college.edu
478,User_478,user478@college.edu
479,User_479,user479@college.edu
480,User_480,user480@college.edu
481,User_481,user481@college.edu
482,User_482,user482@college.edu
483,User_483,user483@college.edu
484,User_484,user484@college.edu
485,User_485,user485@college.edu
486,User_486,user486@college.edu
487,User_487,user487@college.edu
488,User_488,user488@college.edu
489,User_489,user489@college.edu
490,User_490,user490@college.edu
491,User_491,user491@college.edu
492,User_492,user492@college.edu
493,User_493,user493@college.edu
494,User_494,user494@college.edu
495,User_495,user495@college.edu
496,User_496,user496@college.edu
497,User_497,user497@college.edu
498,User_498,user498@college.edu
499,User_499,user499@college.edu
500,User_500,user500@college.edu
501,User_501,user501@college.edu
502,User_502,user502@college.edu
503,User_503,user503@college.edu
504,User_504,user504@college.edu
505,User_505,user505@college.edu
506,User_506,user506@college.edu
507,User_507,user507@college.edu
508,User_508,user508@college.edu
509,User_509,user509@college.edu
510,User_510,user510@college.edu
511,User_511,user511@college.edu
512,User_512,user512@college.edu
513,User_513,user513@college.edu
514,User_514,user514@college.edu
515,User_515,user515@college.edu
516,User_516,user516@college.edu
517,User_517,user517@college.edu
518,User_518,user518@college.edu
519,User_519,user519@college.edu
520,User_520,user520@college.edu
521,User_521,user521@college.edu
522,User_522,user522@college.edu
523,User_523,user523@college.edu
524,User_524,user524@college.edu
525,User_525,user525@college.edu
526,User_526,user526@college.edu
527,User_527,user527@college.edu
528,User_528,user528@college.edu
529,User_529,user529@college.edu
530,User_530,user530@college.edu
531,User_531,user531@college.edu
532,User_532,user532@college.edu
533,User_533,user533@college.edu
534,User_534,user534@college.edu
535,User_535,user535@college.edu
536,User_536,user536@college.edu
537,User_537,user537@college.edu
538,User_538,user538@college.edu
539,User_539,user539@college.edu
540,User_540,user540@college.edu
541,User_541,user541@college.edu
542,User_542,user542@college.edu
543,User_543,user543@college.edu
544,User_544,user544@college.edu
545,User_545,user545@college.edu
546,User_546,user546@college.edu
547,User_547,user547@college.edu
548,User_548,user548@college.edu
549,User_549,user549@college.edu
550,User_550,user550@college.edu
551,User_551,user551@college.edu
552,User_552,user552@college.edu
553,User_553,user553@college.edu
554,User_554,user554@college.edu
555,User_555,user555@college.edu
556,User_556,user556@college.edu
557,User_557,user557@college.edu
558,User_558,user558@college.edu
559,User_559,user559@college.edu
560,User_560,user560@college.edu
561,User_561,user561@college.edu
562,User_562,user562@college.edu
563,User_563,user563@college.edu
564,User_564,user564@college.edu
565,User_565,user565@college.edu
566,User_566,user566@college.edu
567,User_567,user567@college.edu
568,User_568,user568@college.edu
569,User_569,user569@college.edu
570,User_570,user570@college.edu
571,User_571,user571@college.edu
572,User_572,user572@college.edu
573,User_573,user573@college.edu
574,User_574,user574@college.edu
575,User_575,user575@college.edu
576,User_576,user576@college.edu
577,User_577,user577@college.edu
578,User_578,user578@college.edu
579,User_579,user579@college.edu
580,User_580,user580@college.edu
581,User_581,user581@college.edu
582,User_582,user582@college.edu
583,User_583,user583@college.edu
584,User_584,user584@college.edu
585,User_585,user585@college.edu
586,User_586,user586@college.edu
587,User_587,user587@college.edu
588,User_588,user588@college.edu
589,User_589,user589@college.edu
590,User_590,user590@college.edu
591,User_591,user591@college.edu
592,User_592,user592@college.edu
593,User_593,user593@college.edu
594,User_594,user594@college.edu
595,User_595,user595@college.edu
596,User_596,user596@college.edu
597,User_597,user597@college.edu
598,User_598,user598@college.edu
599,User_599,user599@college.edu
600,User_600,user600@college.edu
601,User_601,user601@college.edu
602,User_602,user602@college.edu
603,User_603,user603@college.edu
604,User_604,user604@college.edu
605,User_605,user605@college.edu
606,User_606,user606@college.edu
607,User_607,user607@college.edu
608,User_608,user608@college.edu
609,User_609,user609@college.edu
610,User_610,user610@college.edu
611,User_611,user611@college.edu
612,User_612,user612@college.edu
613,User_613,user613@college.edu
614,User_614,user614@college.edu
615,User_615,user615@college.edu
616,User_616,user616@college.edu
617,User_617,user617@college.edu
618,User_618,user618@college.edu
619,User_619,user619@college.edu
620,User_620,user620@college.edu
621,User_621,user621@college.edu
622,User_622,user622@college.edu
623,User_623,user623@college.edu
624,User_624,user624@college.edu
625,User_625,user625@college.edu
626,User_626,user626@college.edu
627,User_627,user627@college.edu
628,User_628,user628@college.edu
629,User_629,user629@college.edu
630,User_630,user630@college.edu
631,User_631,user631@college.edu
632,User_632,user632@college.edu
633,User_633,user633@college.edu
634,User_634,user634@college.edu
635,User_635,user635@college.edu
636,User_636,user636@college.edu
637,User_637,user637@college.edu
638,User_638,user638@college.edu
639,User_639,user639@college.edu
640,User_640,user640@college.edu
641,User_641,user641@college.edu
642,User_642,user642@college.edu
643,User_643,user643@college.edu
644,User_644,user644@college.edu
645,User_645,user645@college.edu
646,User_646,user646@college.edu
647,User_647,user647@college.edu
648,User_648,user648@college.edu
649,User_649,user649@college.edu
650,User_650,user650@college.edu
651,User_651,user651@college.edu
652,User_652,user652@college.edu
653,User_653,user653@college.edu
654,User_654,user654@college.edu
655,User_655,user655@college.edu
656,User_656,user656@college.edu
657,User_657,user657@college.edu
658,User_658,user658@college.edu
659,User_659,user659@college.edu
660,User_660,user660@college.edu
661,User_661,user661@college.edu
662,User_662,user662@college.edu
663,User_663,user663@college.edu
664,User_664,user664@college.edu
665,User_665,user665@college.edu
666,User_666,user666@college.edu
667,User_667,user667@college.edu
668,User_668,user668@college.edu
669,User_669,user669@college.edu
670,User_670,user670@college.edu
671,User_671,user671@college.edu
672,User_672,user672@college.edu
673,User_673,user673@college.edu
674,User_674,user674@college.edu
675,User_675,user675@college.edu
676,User_676,user676@college.edu
677,User_677,user677@college.edu
678,User_678,user678@college.edu
679,User_679,user679@college.edu
680,User_680,user680@college.edu
681,User_681,user681@college.edu
682,User_682,user682@college.edu
683,User_683,user683@college.edu
684,User_684,user684@college.edu
685,User_685,user685@college.edu
686,User_686,user686@college.edu
687,User_687,user687@college.edu
688,User_688,user688@college.edu
689,User_689,user689@college.edu
690,User_690,user690@college.edu
691,User_691,user691@college.edu
692,User_692,user692@college.edu
693,User_693,user693@college.edu
694,User_694,user694@college.edu
695,User_695,user695@college.edu
696,User_696,user696@college.edu
697,User_697,user697@college.edu
698,User_698,user698@college.edu
699,User_699,user699@college.edu
700,User_700,user700@college.edu
701,User_701,user701@college.edu
702,User_702,user702@college.edu
703,User_703,user703@college.edu
704,User_704,user704@college.edu
705,User_705,user705@college.edu
706,User_706,user706@college.edu
707,User_707,user707@college.edu
708,User_708,user708@college.edu
709,User_709,user709@college.edu
710,User_710,user710@college.edu
711,User_711,user711@college.edu
712,User_712,user712@college.edu
713,User_713,user713@college.edu
714,User_714,user714@college.edu
715,User_715,user715@college.edu
716,User_716,user716@college.edu
717,User_717,user717@college.edu
718,User_718,user718@college.edu
719,User_719,user719@college.edu
720,User_720,user720@college.edu
721,User_721,user721@college.edu
722,User_722,user722@college.edu
723,User_723,user723@college.edu
724,User_724,user724@college.edu
725,User_725,user725@college.edu
726,User_726,user726@college.edu
727,User_727,user727@college.edu
728,User_728,user728@college.edu
729,User_729,user729@college.edu
730,User_730,user730@college.edu
731,User_731,user731@college.edu
732,User_732,user732@college.edu
733,User_733,user733@college.edu
734,User_734,user734@college.edu
735,User_735,user735@college.edu
736,User_736,user736@college.edu
737,User_737,user737@college.edu
738,User_738,user738@college.edu
739,User_739,user739@college.edu
740,User_740,user740@college.edu
741,User_741,user741@college.edu
742,User_742,user742@college.edu
743,User_743,user743@college.edu
744,User_744,user744@college.edu
745,User_745,user745@college.edu
746,User_746,user746@college.edu
747,User_747,user747@college.edu
748,User_748,user748@college.edu
749,User_749,user749@college.edu
750,User_750,user750@college.edu
751,User_751,user751@college.edu
752,User_752,user752@college.edu
753,User_753,user753@college.edu
754,User_754,user754@college.edu
755,User_755,user755@college.edu
756,User_756,user756@college.edu
757,User_757,user757@college.edu
758,User_758,user758@college.edu
759,User_759,user759@college.edu
760,User_760,user760@college.edu
761,User_761,user761@college.edu
762,User_762,user762@college.edu
763,User_763,user763@college.edu
764,User_764,user764@college.edu
765,User_765,user765@college.edu
766,User_766,user766@college.edu
767,User_767,user767@college.edu
768,User_768,user768@college.edu
769,User_769,user769@college.edu
770,User_770,user770@college.edu
771,User_771,user771@college.edu
772,User_772,user772@college.edu
773,User_773,user773@college.edu
774,User_774,user774@college.edu
775,User_775,user775@college.edu
776,User_776,user776@college.edu
777,User_777,user777@college.edu
778,User_778,user778@college.edu
779,User_779,user779@college.edu
780,User_780,user780@college.edu
781,User_781,user781@college.edu
782,User_782,user782@college.edu
783,User_783,user783@college.edu
784,User_784,user784@college.edu
785,User_785,user785@college.edu
786,User_786,user786@college.edu
787,User_787,user787@college.edu
788,User_788,user788@college.edu
789,User_789,user789@college.edu
790,User_790,user790@college.edu
791,User_791,user791@college.edu
792,User_792,user792@college.edu
793,User_793,user793@college.edu
794,User_794,user794@college.edu
795,User_795,user795@college.edu
796,User_796,user796@college.edu
797,User_797,user797@college.edu
798,User_798,user798@college.edu
799,User_799,user799@college.edu
800,User_800,user800@college.edu
801,User_801,user801@college.edu
802,User_802,user802@college.edu
803,User_803,user803@college.edu
804,User_804,user804@college.edu
805,User_805,user805@college.edu
806,User_806,user806@college.edu
807,User_807,user807@college.edu
808,User_808,user808@college.edu
809,User_809,user809@college.edu
810,User_810,user810@college.edu
811,User_811,user811@college.edu
812,User_812,user812@college.edu
813,User_813,user813@college.edu
814,User_814,user814@college.edu
815,User_815,user815@college.edu
816,User_816,user816@college.edu
817,User_817,user817@college.edu
818,User_818,user818@college.edu
819,User_819,user819@college.edu
820,User_820,user820@college.edu
821,User_821,user821@college.edu
822,User_822,user822@college.edu
823,User_823,user823@college.edu
824,User_824,user824@college.edu
825,User_825,user825@college.edu
826,User_826,user826@college.edu
827,User_827,user827@college.edu
828,User_828,user828@college.edu
829,User_829,user829@college.edu
830,User_830,user830@college.edu
831,User_831,user831@college.edu
832,User_832,user832@college.edu
833,User_833,user833@college.edu
834,User_834,user834@college.edu
835,User_835,user835@college.edu
836,User_836,user836@college.edu
837,User_837,user837@college.edu
838,User_838,user838@college.edu
839,User_839,user839@college.edu
840,User_840,user840@college.edu
841,User_841,user841@college.edu
842,User_842,user842@college.edu
843,User_843,user843@college.edu
844,User_844,user844@college.edu
845,User_845,user845@college.edu
846,User_846,user846@college.edu
847,User_847,user847@college.edu
848,User_848,user848@college.edu
849,User_849,user849@college.edu
850,User_850,user850@college.edu
851,User_851,user851@college.edu
852,User_852,user852@college.edu
853,User_853,user853@college.edu
854,User_854,user854@college.edu
855,User_855,user855@college.edu
856,User_856,user856@college.edu
857,User_857,user857@college.edu
858,User_858,user858@college.edu
859,User_859,user859@college.edu
860,User_860,user860@college.edu
861,User_861,user861@college.edu
862,User_862,user862@college.edu
863,User_863,user863@college.edu
864,User_864,user864@college.edu
865,User_865,user865@college.edu
866,User_866,user866@college.edu
867,User_867,user867@college.edu
868,User_868,user868@college.edu
869,User_869,user869@college.edu
870,User_870,user870@college.edu
871,User_871,user871@college.edu
872,User_872,user872@college.edu
873,User_873,user873@college.edu
874,User_874,user874@college.edu
875,User_875,user875@college.edu
876,User_876,user876@college.edu
877,User_877,user877@college.edu
878,User_878,user878@college.edu
879,User_879,user879@college.edu
880,User_880,user880@college.edu
881,User_881,user881@college.edu
882,User_882,user882@college.edu
883,User_883,user883@college.edu
884,User_884,user884@college.edu
885,User_885,user885@college.edu
886,User_886,user886@college.edu
887,User_887,user887@college.edu
888,User_888,user888@college.edu
889,User_889,user889@college.edu
890,User_890,user890@college.edu
891,User_891,user891@college.edu
892,User_892,user892@college.edu
893,User_893,user893@college.edu
894,User_894,user894@college.edu
895,User_895,user895@college.edu
896,User_896,user896@college.edu
897,User_897,user897@college.edu
898,User_898,user898@college.edu
899,User_899,user899@college.edu
900,User_900,user900@college.edu
901,User_901,user901@college.edu
902,User_902,user902@college.edu
903,User_903,user903@college.edu
904,User_904,user904@college.edu
905,User_905,user905@college.edu
906,User_906,user906@college.edu
907,User_907,user907@college.edu
908,User_908,user908@college.edu
909,User_909,user909@college.edu
910,User_910,user910@college.edu
911,User_911,user911@college.edu
912,User_912,user912@college.edu
913,User_913,user913@college.edu
914,User_914,user914@college.edu
915,User_915,user915@college.edu
916,User_916,user916@college.edu
917,User_917,user917@college.edu
918,User_918,user918@college.edu
919,User_919,user919@college.edu
920,User_920,user920@college.edu
921,User_921,user921@college.edu
922,User_922,user922@college.edu
923,User_923,user923@college.edu
924,User_924,user924@college.edu
925,User_925,user925@college.edu
926,User_926,user926@college.edu
927,User_927,user927@college.edu
928,User_928,user928@college.edu
929,User_929,user929@college.edu
930,User_930,user930@college.edu
931,User_931,user931@college.edu
932,User_932,user932@college.edu
933,User_933,user933@college.edu
934,User_934,user934@college.edu
935,User_935,user935@college.edu
936,User_936,user936@college.edu
937,User_937,user937@college.edu
938,User_938,user938@college.edu
939,User_939,user939@college.edu
940,User_940,user940@college.edu
941,User_941,user941@college.edu
942,User_942,user942@college.edu
943,User_943,user943@college.edu
944,User_944,user944@college.edu
945,User_945,user945@college.edu
946,User_946,user946@college.edu
947,User_947,user947@college.edu
948,User_948,user948@college.edu
949,User_949,user949@college.edu
950,User_950,user950@college.edu
951,User_951,user951@college.edu
952,User_952,user952@college.edu
953,User_953,user953@college.edu
954,User_954,user954@college.edu
955,User_955,user955@college.edu
956,User_956,user956@college.edu
957,User_957,user957@college.edu
958,User_958,user958@college.edu
959,User_959,user959@college.edu
960,User_960,user960@college.edu
961,User_961,user961@college.edu
962,User_962,user962@college.edu
963,User_963,user963@college.edu
964,User_964,user964@college.edu
965,User_965,user965@college.edu
966,User_966,user966@college.edu
967,User_967,user967@college.edu
968,User_968,user968@college.edu
969,User_969,user969@college.edu
970,User_970,user970@college.edu
971,User_971,user971@college.edu
972,User_972,user972@college.edu
973,User_973,user973@college.edu
974,User_974,user974@college.edu
975,User_975,user975@college.edu
976,User_976,user976@college.edu
977,User_977,user977@college.edu
978,User_978,user978@college.edu
979,User_979,user979@college.edu
980,User_980,user980@college.edu
981,User_981,user981@college.edu
982,User_982,user982@college.edu
983,User_983,user983@college.edu
984,User_984,user984@college.edu
985,User_985,user985@college.edu
986,User_986,user986@college.edu
987,User_987,user987@college.edu
988,User_988,user988@college.edu
989,User_989,user989@college.edu
990,User_990,user990@college.edu
991,User_991,user991@college.edu
992,User_992,user992@college.edu
993,User_993,user993@college.edu
994,User_994,user994@college.edu
995,User_995,user995@college.edu
996,User_996,user996@college.edu
997,User_997,user997@college.edu
998,User_998,user998@college.edu
999,User_999,user999@college.edu
1000,User_1000,user1000@college.edu
1001,User_1001,user1001@college.edu
1002,User_1002,user1002@college.edu
1003,User_1003,user1003@college.edu
1004,User_1004,user1004@college.edu
1005,User_1005,user1005@college.edu
1006,User_1006,user1006@college.edu
1007,User_1007,user1007@college.edu
1008,User_1008,user1008@college.edu
1009,User_1009,user1009@college.edu
1010,User_1010,user1010@college.edu
1011,User_1011,user1011@college.edu
1012,User_1012,user1012@college.edu
1013,User_1013,user1013@college.edu
1014,User_1014,user1014@college.edu
1015,User_1015,user1015@college.edu
1016,User_1016,user1016@college.edu
1017,User_1017,user1017@college.edu
1018,User_1018,user1018@college.edu
1019,User_1019,user1019@college.edu
1020,User_1020,user1020@college.edu
1021,User_1021,user1021@college.edu
1022,User_1022,user1022@college.edu
1023,User_1023,user1023@college.edu
1024,User_1024,user1024@college.edu
1025,User_1025,user1025@college.edu
1026,User_1026,user1026@college.edu
1027,User_1027,user1027@college.edu
1028,User_1028,user1028@college.edu
1029,User_1029,user1029@college.edu
1030,User_1030,user1030@college.edu
1031,User_1031,user1031@college.edu
1032,User_1032,user1032@college.edu
1033,User_1033,user1033@college.edu
1034,User_1034,user1034@college.edu
1035,User_1035,user1035@college.edu
1036,User_1036,user1036@college.edu
1037,User_1037,user1037@college.edu
1038,User_1038,user1038@college.edu
1039,User_1039,user1039@college.edu
1040,User_1040,user1040@college.edu
1041,User_1041,user1041@college.edu
1042,User_1042,user1042@college.edu
1043,User_1043,user1043@college.edu
1044,User_1044,user1044@college.edu
1045,User_1045,user1045@college.edu
1046,User_1046,user1046@college.edu
1047,User_1047,user1047@college.edu
1048,User_1048,user1048@college.edu
1049,User_1049,user1049@college.edu
1050,User_1050,user1050@college.edu
1051,User_1051,user1051@college.edu
1052,User_1052,user1052@college.edu
1053,User_1053,user1053@college.edu
1054,User_1054,user1054@college.edu
1055,User_1055,user1055@college.edu
1056,User_1056,user1056@college.edu
1057,User_1057,user1057@college.edu
1058,User_1058,user1058@college.edu
1059,User_1059,user1059@college.edu
1060,User_1060,user1060@college.edu
1061,User_1061,user1061@college.edu
1062,User_1062,user1062@college.edu
1063,User_1063,user1063@college.edu
1064,User_1064,user1064@college.edu
1065,User_1065,user1065@college.edu
1066,User_1066,user1066@college.edu
1067,User_1067,user1067@college.edu
1068,User_1068,user1068@college.edu
1069,User_1069,user1069@college.edu
1070,User_1070,user1070@college.edu
1071,User_1071,user1071@college.edu
1072,User_1072,user1072@college.edu
1073,User_1073,user1073@college.edu
1074,User_1074,user1074@college.edu
1075,User_1075,user1075@college.edu
1076,User_1076,user1076@college.edu
1077,User_1077,user1077@college.edu
1078,User_1078,user1078@college.edu
1079,User_1079,user1079@college.edu
1080,User_1080,user1080@college.edu
1081,User_1081,user1081@college.edu
1082,User_1082,user1082@college.edu
1083,User_1083,user1083@college.edu
1084,User_1084,user1084@college.edu
1085,User_1085,user1085@college.edu
1086,User_1086,user1086@college.edu
1087,User_1087,user1087@college.edu
1088,User_1088,user1088@college.edu
1089,User_1089,user1089@college.edu
1090,User_1090,user1090@college.edu
1091,User_1091,user1091@college.edu
1092,User_1092,user1092@college.edu
1093,User_1093,user1093@college.edu
1094,User_1094,user1094@college.edu
1095,User_1095,user1095@college.edu
1096,User_1096,user1096@college.edu
1097,User_1097,user1097@college.edu
1098,User_1098,user1098@college.edu
1099,User_1099,user1099@college.edu
1100,User_1100,user1100@college.edu
1101,User_1101,user1101@college.edu
1102,User_1102,user1102@college.edu
1103,User_1103,user1103@college.edu
1104,User_1104,user1104@college.edu
1105,User_1105,user1105@college.edu
1106,User_1106,user1106@college.edu
1107,User_1107,user1107@college.edu
1108,User_1108,user1108@college.edu
1109,User_1109,user1109@college.edu
1110,User_1110,user1110@college.edu
1111,User_1111,user1111@college.edu
1112,User_1112,user1112@college.edu
1113,User_1113,user1113@college.edu
1114,User_1114,user1114@college.edu
1115,User_1115,user1115@college.edu
1116,User_1116,user1116@college.edu
1117,User_1117,user1117@college.edu
1118,User_1118,user1118@college.edu
1119,User_1119,user1119@college.edu
1120,User_1120,user1120@college.edu
1121,User_1121,user1121@college.edu
1122,User_1122,user1122@college.edu
1123,User_1123,user1123@college.edu
1124,User_1124,user1124@college.edu
1125,User_1125,user1125@college.edu
1126,User_1126,user1126@college.edu
1127,User_1127,user1127@college.edu
1128,User_1128,user1128@college.edu
1129,User_1129,user1129@college.edu
1130,User_1130,user1130@college.edu
1131,User_1131,user1131@college.edu
1132,User_1132,user1132@college.edu
1133,User_1133,user1133@college.edu
1134,User_1134,user1134@college.edu
1135,User_1135,user1135@college.edu
1136,User_1136,user1136@college.edu
1137,User_1137,user1137@college.edu
1138,User_1138,user1138@college.edu
1139,User_1139,user1139@college.edu
1140,User_1140,user1140@college.edu
1141,User_1141,user1141@college.edu
1142,User_1142,user1142@college.edu
1143,User_1143,user1143@college.edu
1144,User_1144,user1144@college.edu
1145,User_1145,user1145@college.edu
1146,User_1146,user1146@college.edu
1147,User_1147,user1147@college.edu
1148,User_1148,user1148@college.edu
1149,User_1149,user1149@college.edu
1150,User_1150,user1150@college.edu
1151,User_1151,user1151@college.edu
1152,User_1152,user1152@college.edu
1153,User_1153,user1153@college.edu
1154,User_1154,user1154@college.edu
1155,User_1155,user1155@college.edu
1156,User_1156,user1156@college.edu
1157,User_1157,user1157@college.edu
1158,User_1158,user1158@college.edu
1159,User_1159,user1159@college.edu
1160,User_1160,user1160@college.edu
1161,User_1161,user1161@college.edu
1162,User_1162,user1162@college.edu
1163,User_1163,user1163@college.edu
1164,User_1164,user1164@college.edu
1165,User_1165,user1165@college.edu
1166,User_1166,user1166@college.edu
1167,User_1167,user1167@college.edu
1168,User_1168,user1168@college.edu
1169,User_1169,user1169@college.edu
1170,User_1170,user1170@college.edu
1171,User_1171,user1171@college.edu
1172,User_1172,user1172@college.edu
1173,User_1173,user1173@college.edu
1174,User_1174,user1174@college.edu
1175,User_1175,user1175@college.edu
1176,User_1176,user1176@college.edu
1177,User_1177,user1177@college.edu
1178,User_1178,user1178@college.edu
1179,User_1179,user1179@college.edu
1180,User_1180,user1180@college.edu
1181,User_1181,user1181@college.edu
1182,User_1182,user1182@college.edu
1183,User_1183,user1183@college.edu
1184,User_1184,user1184@college.edu
1185,User_1185,user1185@college.edu
1186,User_1186,user1186@college.edu
1187,User_1187,user1187@college.edu
1188,User_1188,user1188@college.edu
1189,User_1189,user1189@college.edu
1190,User_1190,user1190@college.edu
1191,User_1191,user1191@college.edu
1192,User_1192,user1192@college.edu
1193,User_1193,user1193@college.edu
1194,User_1194,user1194@college.edu
1195,User_1195,user1195@college.edu
1196,User_1196,user1196@college.edu
1197,User_1197,user1197@college.edu
1198,User_1198,user1198@college.edu
1199,User_1199,user1199@college.edu
1200,User_1200,user1200@college.edu
1201,User_1201,user1201@college.edu
1202,User_1202,user1202@college.edu
1203,User_1203,user1203@college.edu
1204,User_1204,user1204@college.edu
1205,User_1205,user1205@college.edu
1206,User_1206,user1206@college.edu
1207,User_1207,user1207@college.edu
1208,User_1208,user1208@college.edu
1209,User_1209,user1209@college.edu
1210,User_1210,user1210@college.edu
1211,User_1211,user1211@college.edu
1212,User_1212,user1212@college.edu
1213,User_1213,user1213@college.edu
1214,User_1214,user1214@college.edu
1215,User_1215,user1215@college.edu
1216,User_1216,user1216@college.edu
1217,User_1217,user1217@college.edu
1218,User_1218,user1218@college.edu
1219,User_1219,user1219@college.edu
1220,User_1220,user1220@college.edu
1221,User_1221,user1221@college.edu
1222,User_1222,user1222@college.edu
1223,User_1223,user1223@college.edu
1224,User_1224,user1224@college.edu
1225,User_1225,user1225@college.edu
1226,User_1226,user1226@college.edu
1227,User_1227,user1227@college.edu
1228,User_1228,user1228@college.edu
1229,User_1229,user1229@college.edu
1230,User_1230,user1230@college.edu
1231,User_1231,user1231@college.edu
1232,User_1232,user1232@college.edu
1233,User_1233,user1233@college.edu
1234,User_1234,user1234@college.edu
1235,User_1235,user1235@college.edu
1236,User_1236,user1236@college.edu
1237,User_1237,user1237@college.edu
1238,User_1238,user1238@college.edu
1239,User_1239,user1239@college.edu
1240,User_1240,user1240@college.edu
1241,User_1241,user1241@college.edu
1242,User_1242,user1242@college.edu
1243,User_1243,user1243@college.edu
1244,User_1244,user1244@college.edu
1245,User_1245,user1245@college.edu
1246,User_1246,user1246@college.edu
1247,User_1247,user1247@college.edu
1248,User_1248,user1248@college.edu
1249,User_1249,user1249@college.edu
1250,User_1250,user1250@college.edu
1251,User_1251,user1251@college.edu
1252,User_1252,user1252@college.edu
1253,User_1253,user1253@college.edu
1254,User_1254,user1254@college.edu
1255,User_1255,user1255@college.edu
1256,User_1256,user1256@college.edu
1257,User_1257,user1257@college.edu
1258,User_1258,user1258@college.edu
1259,User_1259,user1259@college.edu
1260,User_1260,user1260@college.edu
1261,User_1261,user1261@college.edu
1262,User_1262,user1262@college.edu
1263,User_1263,user1263@college.edu
1264,User_1264,user1264@college.edu
1265,User_1265,user1265@college.edu
1266,User_1266,user1266@college.edu
1267,User_1267,user1267@college.edu
1268,User_1268,user1268@college.edu
1269,User_1269,user1269@college.edu
1270,User_1270,user1270@college.edu
1271,User_1271,user1271@college.edu
1272,User_1272,user1272@college.edu
1273,User_1273,user1273@college.edu
1274,User_1274,user1274@college.edu
1275,User_1275,user1275@college.edu
1276,User_1276,user1276@college.edu
1277,User_1277,user1277@college.edu
1278,User_1278,user1278@college.edu
1279,User_1279,user1279@college.edu
1280,User_1280,user1280@college.edu
1281,User_1281,user1281@college.edu
1282,User_1282,user1282@college.edu
1283,User_1283,user1283@college.edu
1284,User_1284,user1284@college.edu
1285,User_1285,user1285@college.edu
1286,User_1286,user1286@college.edu
1287,User_1287,user1287@college.edu
1288,User_1288,user1288@college.edu
1289,User_1289,user1289@college.edu
1290,User_1290,user1290@college.edu
1291,User_1291,user1291@college.edu
1292,User_1292,user1292@college.edu
1293,User_1293,user1293@college.edu
1294,User_1294,user1294@college.edu
1295,User_1295,user1295@college.edu
1296,User_1296,user1296@college.edu
1297,User_1297,user1297@college.edu
1298,User_1298,user1298@college.edu
1299,User_1299,user1299@college.edu
1300,User_1300,user1300@college.edu
1301,User_1301,user1301@college.edu
1302,User_1302,user1302@college.edu
1303,User_1303,user1303@college.edu
1304,User_1304,user1304@college.edu
1305,User_1305,user1305@college.edu
1306,User_1306,user1306@college.edu
1307,User_1307,user1307@college.edu
1308,User_1308,user1308@college.edu
1309,User_1309,user1309@college.edu
1310,User_1310,user1310@college.edu
1311,User_1311,user1311@college.edu
1312,User_1312,user1312@college.edu
1313,User_1313,user1313@college.edu
1314,User_1314,user1314@college.edu
1315,User_1315,user1315@college.edu
1316,User_1316,user1316@college.edu
1317,User_1317,user1317@college.edu
1318,User_1318,user1318@college.edu
1319,User_1319,user1319@college.edu
1320,User_1320,user1320@college.edu
1321,User_1321,user1321@college.edu
1322,User_1322,user1322@college.edu
1323,User_1323,user1323@college.edu
1324,User_1324,user1324@college.edu
1325,User_1325,user1325@college.edu
1326,User_1326,user1326@college.edu
1327,User_1327,user1327@college.edu
1328,User_1328,user1328@college.edu
1329,User_1329,user1329@college.edu
1330,User_1330,user1330@college.edu
1331,User_1331,user1331@college.edu
1332,User_1332,user1332@college.edu
1333,User_1333,user1333@college.edu
1334,User_1334,user1334@college.edu
1335,User_1335,user1335@college.edu
1336,User_1336,user1336@college.edu
1337,User_1337,user1337@college.edu
1338,User_1338,user1338@college.edu
1339,User_1339,user1339@college.edu
1340,User_1340,user1340@college.edu
1341,User_1341,user1341@college.edu
1342,User_1342,user1342@college.edu
1343,User_1343,user1343@college.edu
1344,User_1344,user1344@college.edu
1345,User_1345,user1345@college.edu
1346,User_1346,user1346@college.edu
1347,User_1347,user1347@college.edu
1348,User_1348,user1348@college.edu
1349,User_1349,user1349@college.edu
1350,User_1350,user1350@college.edu
1351,User_1351,user1351@college.edu
1352,User_1352,user1352@college.edu
1353,User_1353,user1353@college.edu
1354,User_1354,user1354@college.edu
1355,User_1355,user1355@college.edu
1356,User_1356,user1356@college.edu
1357,User_1357,user1357@college.edu
1358,User_1358,user1358@college.edu
1359,User_1359,user1359@college.edu
1360,User_1360,user1360@college.edu
1361,User_1361,user1361@college.edu
1362,User_1362,user1362@college.edu
1363,User_1363,user1363@college.edu
1364,User_1364,user1364@college.edu
1365,User_1365,user1365@college.edu
1366,User_1366,user1366@college.edu
1367,User_1367,user1367@college.edu
1368,User_1368,user1368@college.edu
1369,User_1369,user1369@college.edu
1370,User_1370,user1370@college.edu
1371,User_1371,user1371@college.edu
1372,User_1372,user1372@college.edu
1373,User_1373,user1373@college.edu
1374,User_1374,user1374@college.edu
1375,User_1375,user1375@college.edu
1376,User_1376,user1376@college.edu
1377,User_1377,user1377@college.edu
1378,User_1378,user1378@college.edu
1379,User_1379,user1379@college.edu
1380,User_1380,user1380@college.edu
1381,User_1381,user1381@college.edu
1382,User_1382,user1382@college.edu
1383,User_1383,user1383@college.edu
1384,User_1384,user1384@college.edu
1385,User_1385,user1385@college.edu
1386,User_1386,user1386@college.edu
1387,User_1387,user1387@college.edu
1388,User_1388,user1388@college.edu
1389,User_1389,user1389@college.edu
1390,User_1390,user1390@college.edu
1391,User_1391,user1391@college.edu
1392,User_1392,user1392@college.edu
1393,User_1393,user1393@college.edu
1394,User_1394,user1394@college.edu
1395,User_1395,user1395@college.edu
1396,User_1396,user1396@college.edu
1397,User_1397,user1397@college.edu
1398,User_1398,user1398@college.edu
1399,User_1399,user1399@college.edu
1400,User_1400,user1400@college.edu
1401,User_1401,user1401@college.edu
1402,User_1402,user1402@college.edu
1403,User_1403,user1403@college.edu
1404,User_1404,user1404@college.edu
1405,User_1405,user1405@college.edu
1406,User_1406,user1406@college.edu
1407,User_1407,user1407@college.edu
1408,User_1408,user1408@college.edu
1409,User_1409,user1409@college.edu
1410,User_1410,user1410@college.edu
1411,User_1411,user1411@college.edu
1412,User_1412,user1412@college.edu
1413,User_1413,user1413@college.edu
1414,User_1414,user1414@college.edu
1415,User_1415,user1415@college.edu
1416,User_1416,user1416@college.edu
1417,User_1417,user1417@college.edu
1418,User_1418,user1418@college.edu
1419,User_1419,user1419@college.edu
1420,User_1420,user1420@college.edu
1421,User_1421,user1421@college.edu
1422,User_1422,user1422@college.edu
1423,User_1423,user1423@college.edu
1424,User_1424,user1424@college.edu
1425,User_1425,user1425@college.edu
1426,User_1426,user1426@college.edu
1427,User_1427,user1427@college.edu
1428,User_1428,user1428@college.edu
1429,User_1429,user1429@college.edu
1430,User_1430,user1430@college.edu
1431,User_1431,user1431@college.edu
1432,User_1432,user1432@college.edu
1433,User_1433,user1433@college.edu
1434,User_1434,user1434@college.edu
1435,User_1435,user1435@college.edu
1436,User_1436,user1436@college.edu
1437,User_1437,user1437@college.edu
1438,User_1438,user1438@college.edu
1439,User_1439,user1439@college.edu
1440,User_1440,user1440@college.edu
1441,User_1441,user1441@college.edu
1442,User_1442,user1442@college.edu
1443,User_1443,user1443@college.edu
1444,User_1444,user1444@college.edu
1445,User_1445,user1445@college.edu
1446,User_1446,user1446@college.edu
1447,User_1447,user1447@college.edu
1448,User_1448,user1448@college.edu
1449,User_1449,user1449@college.edu
1450,User_1450,user1450@college.edu
1451,User_1451,user1451@college.edu
1452,User_1452,user1452@college.edu
1453,User_1453,user1453@college.edu
1454,User_1454,user1454@college.edu
1455,User_1455,user1455@college.edu
1456,User_1456,user1456@college.edu
1457,User_1457,user1457@college.edu
1458,User_1458,user1458@college.edu
1459,User_1459,user1459@college.edu
1460,User_1460,user1460@college.edu
1461,User_1461,user1461@college.edu
1462,User_1462,user1462@college.edu
1463,User_1463,user1463@college.edu
1464,User_1464,user1464@college.edu
1465,User_1465,user1465@college.edu
1466,User_1466,user1466@college.edu
1467,User_1467,user1467@college.edu
1468,User_1468,user1468@college.edu
1469,User_1469,user1469@college.edu
1470,User_1470,user1470@college.edu
1471,User_1471,user1471@college.edu
1472,User_1472,user1472@college.edu
1473,User_1473,user1473@college.edu
1474,User_1474,user1474@college.edu
1475,User_1475,user1475@college.edu
1476,User_1476,user1476@college.edu
1477,User_1477,user1477@college.edu
1478,User_1478,user1478@college.edu
1479,User_1479,user1479@college.edu
1480,User_1480,user1480@college.edu
1481,User_1481,user1481@college.edu
1482,User_1482,user1482@college.edu
1483,User_1483,user1483@college.edu
1484,User_1484,user1484@college.edu
1485,User_1485,user1485@college.edu
1486,User_1486,user1486@college.edu
1487,User_1487,user1487@college.edu
1488,User_1488,user1488@college.edu
1489,User_1489,user1489@college.edu
1490,User_1490,user1490@college.edu
1491,User_1491,user1491@college.edu
1492,User_1492,user1492@college.edu
1493,User_1493,user1493@college.edu
1494,User_1494,user1494@college.edu
1495,User_1495,user1495@college.edu
1496,User_1496,user1496@college.edu
1497,User_1497,user1497@college.edu
1498,User_1498,user1498@college.edu
1499,User_1499,user1499@college.edu
1500,User_1500,user1500@college.edu
1501,User_1501,user1501@college.edu
1502,User_1502,user1502@college.edu
1503,User_1503,user1503@college.edu
1504,User_1504,user1504@college.edu
1505,User_1505,user1505@college.edu
1506,User_1506,user1506@college.edu
1507,User_1507,user1507@college.edu
1508,User_1508,user1508@college.edu
1509,User_1509,user1509@college.edu
1510,User_1510,user1510@college.edu
1511,User_1511,user1511@college.edu
1512,User_1512,user1512@college.edu
1513,User_1513,user1513@college.edu
1514,User_1514,user1514@college.edu
1515,User_1515,user1515@college.edu
1516,User_1516,user1516@college.edu
1517,User_1517,user1517@college.edu
1518,User_1518,user1518@college.edu
1519,User_1519,user1519@college.edu
1520,User_1520,user1520@college.edu
1521,User_1521,user1521@college.edu
1522,User_1522,user1522@college.edu
1523,User_1523,user1523@college.edu
1524,User_1524,user1524@college.edu
1525,User_1525,user1525@college.edu
1526,User_1526,user1526@college.edu
1527,User_1527,user1527@college.edu
1528,User_1528,user1528@college.edu
1529,User_1529,user1529@college.edu
1530,User_1530,user1530@college.edu
1531,User_1531,user1531@college.edu
1532,User_1532,user1532@college.edu
1533,User_1533,user1533@college.edu
1534,User_1534,user1534@college.edu
1535,User_1535,user1535@college.edu
1536,User_1536,user1536@college.edu
1537,User_1537,user1537@college.edu
1538,User_1538,user1538@college.edu
1539,User_1539,user1539@college.edu
1540,User_1540,user1540@college.edu
1541,User_1541,user1541@college.edu
1542,User_1542,user1542@college.edu
1543,User_1543,user1543@college.edu
1544,User_1544,user1544@college.edu
1545,User_1545,user1545@college.edu
1546,User_1546,user1546@college.edu
1547,User_1547,user1547@college.edu
1548,User_1548,user1548@college.edu
1549,User_1549,user1549@college.edu
1550,User_1550,user1550@college.edu
1551,User_1551,user1551@college.edu
1552,User_1552,user1552@college.edu
1553,User_1553,user1553@college.edu
1554,User_1554,user1554@college.edu
1555,User_1555,user1555@college.edu
1556,User_1556,user1556@college.edu
1557,User_1557,user1557@college.edu
1558,User_1558,user1558@college.edu
1559,User_1559,user1559@college.edu
1560,User_1560,user1560@college.edu
1561,User_1561,user1561@college.edu
1562,User_1562,user1562@college.edu
1563,User_1563,user1563@college.edu
1564,User_1564,user1564@college.edu
1565,User_1565,user1565@college.edu
1566,User_1566,user1566@college.edu
1567,User_1567,user1567@college.edu
1568,User_1568,user1568@college.edu
1569,User_1569,user1569@college.edu
1570,User_1570,user1570@college.edu
1571,User_1571,user1571@college.edu
1572,User_1572,user1572@college.edu
1573,User_1573,user1573@college.edu
1574,User_1574,user1574@college.edu
1575,User_1575,user1575@college.edu
1576,User_1576,user1576@college.edu
1577,User_1577,user1577@college.edu
1578,User_1578,user1578@college.edu
1579,User_1579,user1579@college.edu
1580,User_1580,user1580@college.edu
1581,User_1581,user1581@college.edu
1582,User_1582,user1582@college.edu
1583,User_1583,user1583@college.edu
1584,User_1584,user1584@college.edu
1585,User_1585,user1585@college.edu
1586,User_1586,user1586@college.edu
1587,User_1587,user1587@college.edu
1588,User_1588,user1588@college.edu
1589,User_1589,user1589@college.edu
1590,User_1590,user1590@college.edu
1591,User_1591,user1591@college.edu
1592,User_1592,user1592@college.edu
1593,User_1593,user1593@college.edu
1594,User_1594,user1594@college.edu
1595,User_1595,user1595@college.edu
1596,User_1596,user1596@college.edu
1597,User_1597,user1597@college.edu
1598,User_1598,user1598@college.edu
1599,User_1599,user1599@college.edu
1600,User_1600,user1600@college.edu
1601,User_1601,user1601@college.edu
1602,User_1602,user1602@college.edu
1603,User_1603,user1603@college.edu
1604,User_1604,user1604@college.edu
1605,User_1605,user1605@college.edu
1606,User_1606,user1606@college.edu
1607,User_1607,user1607@college.edu
1608,User_1608,user1608@college.edu
1609,User_1609,user1609@college.edu
1610,User_1610,user1610@college.edu
1611,User_1611,user1611@college.edu
1612,User_1612,user1612@college.edu
1613,User_1613,user1613@college.edu
1614,User_1614,user1614@college.edu
1615,User_1615,user1615@college.edu
1616,User_1616,user1616@college.edu
1617,User_1617,user1617@college.edu
1618,User_1618,user1618@college.edu
1619,User_1619,user1619@college.edu
1620,User_1620,user1620@college.edu
1621,User_1621,user1621@college.edu
1622,User_1622,user1622@college.edu
1623,User_1623,user1623@college.edu
1624,User_1624,user1624@college.edu
1625,User_1625,user1625@college.edu
1626,User_1626,user1626@college.edu
1627,User_1627,user1627@college.edu
1628,User_1628,user1628@college.edu
1629,User_1629,user1629@college.edu
1630,User_1630,user1630@college.edu
1631,User_1631,user1631@college.edu
1632,User_1632,user1632@college.edu
1633,User_1633,user1633@college.edu
1634,User_1634,user1634@college.edu
1635,User_1635,user1635@college.edu
1636,User_1636,user1636@college.edu
1637,User_1637,user1637@college.edu
1638,User_1638,user1638@college.edu
1639,User_1639,user1639@college.edu
1640,User_1640,user1640@college.edu
1641,User_1641,user1641@college.edu
1642,User_1642,user1642@college.edu
1643,User_1643,user1643@college.edu
1644,User_1644,user1644@college.edu
1645,User_1645,user1645@college.edu
1646,User_1646,user1646@college.edu
1647,User_1647,user1647@college.edu
1648,User_1648,user1648@college.edu
1649,User_1649,user1649@college.edu
1650,User_1650,user1650@college.edu
1651,User_1651,user1651@college.edu
1652,User_1652,user1652@college.edu
1653,User_1653,user1653@college.edu
1654,User_1654,user1654@college.edu
1655,User_1655,user1655@college.edu
1656,User_1656,user1656@college.edu
1657,User_1657,user1657@college.edu
1658,User_1658,user1658@college.edu
1659,User_1659,user1659@college.edu
1660,User_1660,user1660@college.edu
1661,User_1661,user1661@college.edu
1662,User_1662,user1662@college.edu
1663,User_1663,user1663@college.edu
1664,User_1664,user1664@college.edu
1665,User_1665,user1665@college.edu
1666,User_1666,user1666@college.edu
1667,User_1667,user1667@college.edu
1668,User_1668,user1668@college.edu
1669,User_1669,user1669@college.edu
1670,User_1670,user1670@college.edu
1671,User_1671,user1671@college.edu
1672,User_1672,user1672@college.edu
1673,User_1673,user1673@college.edu
1674,User_1674,user1674@college.edu
1675,User_1675,user1675@college.edu
1676,User_1676,user1676@college.edu
1677,User_1677,user1677@college.edu
1678,User_1678,user1678@college.edu
1679,User_1679,user1679@college.edu
1680,User_1680,user1680@college.edu
1681,User_1681,user1681@college.edu
1682,User_1682,user1682@college.edu
1683,User_1683,user1683@college.edu
1684,User_1684,user1684@college.edu
1685,User_1685,user1685@college.edu
1686,User_1686,user1686@college.edu
1687,User_1687,user1687@college.edu
1688,User_1688,user1688@college.edu
1689,User_1689,user1689@college.edu
1690,User_1690,user1690@college.edu
1691,User_1691,user1691@college.edu
1692,User_1692,user1692@college.edu
1693,User_1693,user1693@college.edu
1694,User_1694,user1694@college.edu
1695,User_1695,user1695@college.edu
1696,User_1696,user1696@college.edu
1697,User_1697,user1697@college.edu
1698,User_1698,user1698@college.edu
1699,User_1699,user1699@college.edu
1700,User_1700,user1700@college.edu
1701,User_1701,user1701@college.edu
1702,User_1702,user1702@college.edu
1703,User_1703,user1703@college.edu
1704,User_1704,user1704@college.edu
1705,User_1705,user1705@college.edu
1706,User_1706,user1706@college.edu
1707,User_1707,user1707@college.edu
1708,User_1708,user1708@college.edu
1709,User_1709,user1709@college.edu
1710,User_1710,user1710@college.edu
1711,User_1711,user1711@college.edu
1712,User_1712,user1712@college.edu
1713,User_1713,user1713@college.edu
1714,User_1714,user1714@college.edu
1715,User_1715,user1715@college.edu
1716,User_1716,user1716@college.edu
1717,User_1717,user1717@college.edu
1718,User_1718,user1718@college.edu
1719,User_1719,user1719@college.edu
1720,User_1720,user1720@college.edu
1721,User_1721,user1721@college.edu
1722,User_1722,user1722@college.edu
1723,User_1723,user1723@college.edu
1724,User_1724,user1724@college.edu
1725,User_1725,user1725@college.edu
1726,User_1726,user1726@college.edu
1727,User_1727,user1727@college.edu
1728,User_1728,user1728@college.edu
1729,User_1729,user1729@college.edu
1730,User_1730,user1730@college.edu
1731,User_1731,user1731@college.edu
1732,User_1732,user1732@college.edu
1733,User_1733,user1733@college.edu
1734,User_1734,user1734@college.edu
1735,User_1735,user1735@college.edu
1736,User_1736,user1736@college.edu
1737,User_1737,user1737@college.edu
1738,User_1738,user1738@college.edu
1739,User_1739,user1739@college.edu
1740,User_1740,user1740@college.edu
1741,User_1741,user1741@college.edu
1742,User_1742,user1742@college.edu
1743,User_1743,user1743@college.edu
1744,User_1744,user1744@college.edu
1745,User_1745,user1745@college.edu
1746,User_1746,user1746@college.edu
1747,User_1747,user1747@college.edu
1748,User_1748,user1748@college.edu
1749,User_1749,user1749@college.edu
1750,User_1750,user1750@college.edu
1751,User_1751,user1751@college.edu
1752,User_1752,user1752@college.edu
1753,User_1753,user1753@college.edu
1754,User_1754,user1754@college.edu
1755,User_1755,user1755@college.edu
1756,User_1756,user1756@college.edu
1757,User_1757,user1757@college.edu
1758,User_1758,user1758@college.edu
1759,User_1759,user1759@college.edu
1760,User_1760,user1760@college.edu
1761,User_1761,user1761@college.edu
1762,User_1762,user1762@college.edu
1763,User_1763,user1763@college.edu
1764,User_1764,user1764@college.edu
1765,User_1765,user1765@college.edu
1766,User_1766,user1766@college.edu
1767,User_1767,user1767@college.edu
1768,User_1768,user1768@college.edu
1769,User_1769,user1769@college.edu
1770,User_1770,user1770@college.edu
1771,User_1771,user1771@college.edu
1772,User_1772,user1772@college.edu
1773,User_1773,user1773@college.edu
1774,User_1774,user1774@college.edu
1775,User_1775,user1775@college.edu
1776,User_1776,user1776@college.edu
1777,User_1777,user1777@college.edu
1778,User_1778,user1778@college.edu
1779,User_1779,user1779@college.edu
1780,User_1780,user1780@college.edu
1781,User_1781,user1781@college.edu
1782,User_1782,user1782@college.edu
1783,User_1783,user1783@college.edu
1784,User_1784,user1784@college.edu
1785,User_1785,user1785@college.edu
1786,User_1786,user1786@college.edu
1787,User_1787,user1787@college.edu
1788,User_1788,user1788@college.edu
1789,User_1789,user1789@college.edu
1790,User_1790,user1790@college.edu
1791,User_1791,user1791@college.edu
1792,User_1792,user1792@college.edu
1793,User_1793,user1793@college.edu
1794,User_1794,user1794@college.edu
1795,User_1795,user1795@college.edu
1796,User_1796,user1796@college.edu
1797,User_1797,user1797@college.edu
1798,User_1798,user1798@college.edu
1799,User_1799,user1799@college.edu
1800,User_1800,user1800@college.edu
1801,User_1801,user1801@college.edu
1802,User_1802,user1802@college.edu
1803,User_1803,user1803@college.edu
1804,User_1804,user1804@college.edu
1805,User_1805,user1805@college.edu
1806,User_1806,user1806@college.edu
1807,User_1807,user1807@college.edu
1808,User_1808,user1808@college.edu
1809,User_1809,user1809@college.edu
1810,User_1810,user1810@college.edu
1811,User_1811,user1811@college.edu
1812,User_1812,user1812@college.edu
1813,User_1813,user1813@college.edu
1814,User_1814,user1814@college.edu
1815,User_1815,user1815@college.edu
1816,User_1816,user1816@college.edu
1817,User_1817,user1817@college.edu
1818,User_1818,user1818@college.edu
1819,User_1819,user1819@college.edu
1820,User_1820,user1820@college.edu
1821,User_1821,user1821@college.edu
1822,User_1822,user1822@college.edu
1823,User_1823,user1823@college.edu
1824,User_1824,user1824@college.edu
1825,User_1825,user1825@college.edu
1826,User_1826,user1826@college.edu
1827,User_1827,user1827@college.edu
1828,User_1828,user1828@college.edu
1829,User_1829,user1829@college.edu
1830,User_1830,user1830@college.edu
1831,User_1831,user1831@college.edu
1832,User_1832,user1832@college.edu
1833,User_1833,user1833@college.edu
1834,User_1834,user1834@college.edu
1835,User_1835,user1835@college.edu
1836,User_1836,user1836@college.edu
1837,User_1837,user1837@college.edu
1838,User_1838,user1838@college.edu
1839,User_1839,user1839@college.edu
1840,User_1840,user1840@college.edu
1841,User_1841,user1841@college.edu
1842,User_1842,user1842@college.edu
1843,User_1843,user1843@college.edu
1844,User_1844,user1844@college.edu
1845,User_1845,user1845@college.edu
1846,User_1846,user1846@college.edu
1847,User_1847,user1847@college.edu
1848,User_1848,user1848@college.edu
1849,User_1849,user1849@college.edu
1850,User_1850,user1850@college.edu
1851,User_1851,user1851@college.edu
1852,User_1852,user1852@college.edu
1853,User_1853,user1853@college.edu
1854,User_1854,user1854@college.edu
1855,User_1855,user1855@college.edu
1856,User_1856,user1856@college.edu
1857,User_1857,user1857@college.edu
1858,User_1858,user1858@college.edu
1859,User_1859,user1859@college.edu
1860,User_1860,user1860@college.edu
1861,User_1861,user1861@college.edu
1862,User_1862,user1862@college.edu
1863,User_1863,user1863@college.edu
1864,User_1864,user1864@college.edu
1865,User_1865,user1865@college.edu
1866,User_1866,user1866@college.edu
1867,User_1867,user1867@college.edu
1868,User_1868,user1868@college.edu
1869,User_1869,user1869@college.edu
1870,User_1870,user1870@college.edu
1871,User_1871,user1871@college.edu
1872,User_1872,user1872@college.edu
1873,User_1873,user1873@college.edu
1874,User_1874,user1874@college.edu
1875,User_1875,user1875@college.edu
1876,User_1876,user1876@college.edu
1877,User_1877,user1877@college.edu
1878,User_1878,user1878@college.edu
1879,User_1879,user1879@college.edu
1880,User_1880,user1880@college.edu
1881,User_1881,user1881@college.edu
1882,User_1882,user1882@college.edu
1883,User_1883,user1883@college.edu
1884,User_1884,user1884@college.edu
1885,User_1885,user1885@college.edu
1886,User_1886,user1886@college.edu
1887,User_1887,user1887@college.edu
1888,User_1888,user1888@college.edu
1889,User_1889,user1889@college.edu
1890,User_1890,user1890@college.edu
1891,User_1891,user1891@college.edu
1892,User_1892,user1892@college.edu
1893,User_1893,user1893@college.edu
1894,User_1894,user1894@college.edu
1895,User_1895,user1895@college.edu
1896,User_1896,user1896@college.edu
1897,User_1897,user1897@college.edu
1898,User_1898,user1898@college.edu
1899,User_1899,user1899@college.edu
